Dict_name,Site,Mode,HA_var,HA_M2_var,HA_S2_var,Start_date,Var_residual,Var_model_fit,Whittle_value,η_c,α_c,η_S2,τ_S2,γ_S2,η_M2,τ_M2,γ_M2,season
KIM200_P17_0,KIM200,0,82.86568515304828,53.51505334475105,29.603818522789233,2012-02-02,36.569128504216245,37.38672399538221,-2628.6850059755966,5.6415791370598845,0.9635968263872888,2.9387995594796856,15.169435843002212,0.9924677781553092,2.709889145994923,10.383667515987554,1.0033892841280063,Feb-Apr
KIM200_P17_0,KIM200,1,2.9870701025545427,0.7990576526289274,1.5806286514878016,2012-02-02,30.2315988193024,29.288355089162426,-3169.9005049425073,5.296568963447657,1.006068608696162,2.373394900482954,4.006292831766838,1.000531107155152,2.209347726738576,4.215567825249463,1.0002786089970428,Feb-Apr
KIM200_P17_0,KIM200,2,2.000160918705333,1.0296600193366596,0.7995315799454936,2012-02-02,13.323398026682503,13.27867533638311,-5047.645731989671,3.872588767890309,1.2137965517876463,1.1621889855182455,6.443074005099335,1.8180816031253568,1.8853604415550684,0.049007543451645395,0.2411832127832067,Feb-Apr
KIM200_P17_1,KIM200,0,84.82078928000115,34.57316475598383,32.21391635315636,2012-04-22,38.37037010718875,36.560821205762934,-3030.428218609964,4.9232273535415985,0.8974718836245755,0.00040963030349291387,0.338625353482496,0.2106761759781066,4.506570795096663,5.470193122941458,1.8626278735639443,May-Jul
KIM200_P17_1,KIM200,1,14.12634919475998,9.077822029287663,2.4168301070584235,2012-04-22,29.89708566757312,29.821508602010645,-2651.669996411837,5.26571292144466,0.8951006718736402,1.6487532920996377,6.962863969657327,0.9903463802625486,2.9349703617604352,5.999110792986044,1.0036739188267891,May-Jul
KIM200_P17_1,KIM200,2,2.56270175627726,1.7760266547908707,0.1628248920597448,2012-04-22,11.849650593319243,11.489543534270835,-4744.615962769038,3.600482314439153,0.9115452645081714,0.5796229479974008,12.562726014351055,0.9983453789732447,1.5837923043867963,2.097481577369132,0.9965057152292134,May-Jul
KIM200_P18_0,KIM200,0,50.59891660972443,29.656720446535836,17.974367661538885,2012-08-11,39.816180371435486,39.758008090618134,-1813.5051665835385,5.633303368985285,0.7643272055207752,0.0,5.56269131498904e-309,1.9545602246825904,4.438405473777473,3.195708845878023,1.9934604321289484,Aug-Oct
KIM200_P18_0,KIM200,1,13.720090850960482,10.485972780709085,2.4468630233775737,2012-08-11,44.98578190774872,43.25808586333526,-1825.8493846091226,6.29660367343316,0.9282402606299931,2.2805267603247295,5.516609807328359,1.0009788660670464,3.4246999981966373,2.1807859248121453,0.989993011412007,Aug-Oct
KIM200_P18_0,KIM200,2,2.843657422584035,1.7147534362957242,0.8956163124065212,2012-08-11,15.372085335864556,19.109161436592373,-4388.129253146848,4.205657162660626,1.1911491362976836,1.012461579717264,8.92474746733173,1.9952737263378133,3.0795480235654145,3.325701311459286e+48,0.0054597535828038455,Aug-Oct
KIM200_P18_1,KIM200,0,84.77834900202522,70.19213863211083,5.724716203419652,2012-10-30,58.7902273073192,59.239572297819464,-3392.0450004193526,5.02898315139307,1.003372819219454,2.14946233620184,9.2520039258471,0.9962790099226584,6.145442497872748,14.92719591194518,0.99694762575377,Nov-Jan
KIM200_P18_1,KIM200,1,4.742094869970745,0.5776404410405751,3.4682896882310033,2012-10-30,48.4679450001451,48.649728922728755,-2232.365972581336,5.823434572950028,1.168737692066052,9.817048774052514e-95,1.3169598548217246e-17,1.3516998415523445,5.587112655980179,0.784558619020206,0.44827009631553505,Nov-Jan
KIM200_P18_1,KIM200,2,5.913807765424225,3.2803760487536695,1.5115942123915933,2012-10-30,12.134160617748705,12.193303061974175,-5149.042618727448,3.5324455801621384,1.1261977274203605,0.0,9.946468569416517e-61,0.8045265050340114,2.2506425512814374,0.7056805721336209,0.2872905265641512,Nov-Jan
KIM200_P19_0,KIM200,0,103.26786439083243,72.43156803662191,24.31087679403594,2013-01-27,39.0246108184031,39.553025820453925,-2786.1864141733313,5.131876557857243,0.8979203547420085,1.3178228694378638,12.047898303523723,1.0022975007603154,4.502782977038577,10.843854677410002,0.9957047229495175,Feb-Apr
KIM200_P19_0,KIM200,1,5.991825118501465,5.048219744587788,0.097801560020357,2013-01-27,46.22932348540419,45.55804829082467,-2793.5540551829667,5.673731442792141,1.0169639755540199,3.613268248990101,2.177346251292162,0.9987625929165207,3.3586127621567083,4.987540626959644,0.9992796469592522,Feb-Apr
KIM200_P19_0,KIM200,2,2.89277549199614,2.1054468421381745,0.15898016743021287,2013-01-27,14.134264052451535,14.142012637115377,-4845.55872543264,1.6056556890894549,0.7366120758459914,3.494986231152659,0.06823677593393357,0.9988981211483808,1.9583122170713618,2.9813902336205986,1.0015103104963934,Feb-Apr
KIM200_P19_1,KIM200,0,78.8989196278298,62.439687155796165,12.266237554372477,2013-04-17,33.82523147572595,35.1776836010475,-2764.621457069425,5.688144227601998,0.9991179267185607,1.6728305030244583,9.388988101312043,0.9915969721820268,3.267459662555429,5.840741158835291,1.004705547380939,May-Jul
KIM200_P19_1,KIM200,1,10.015874315700799,0.2868956601946992,9.041990627961074,2013-04-17,47.6379791150317,47.720218066565415,-2390.5873193579537,6.236621599662635,1.0276383219858278,2.3186679225593463,3.5664901222590015,1.0012240885974957,4.064677643615264,3.5170117686681497,0.9973323832214371,May-Jul
KIM200_P19_1,KIM200,2,0.9372528973302051,0.26222101203365916,0.32360961884218886,2013-04-17,17.896629011178245,17.466366519259225,-4558.083402156825,3.8938104480477476,0.9633552221451852,1.3372007707910158,1.8107872324084098,1.0022474585105143,2.356716203357511,6.114559843565859,0.9971193560486149,May-Jul
KIM200_P20_0,KIM200,0,96.46904585593697,65.42900653927471,21.918724142269134,2013-07-25,30.075429420931258,30.98739799065741,-2285.687780433019,5.193336154003676,0.7829665540988268,2.254507488838582,5.654836219026548,1.008220739550095,2.9529620770703526,9.551707125062903,0.9857469396461744,Aug-Oct
KIM200_P20_0,KIM200,1,13.420928917724167,4.401457689817556,7.575591822081923,2013-07-25,31.99134674510523,32.036714913965206,-2214.289625923168,5.768623777904138,0.9018135837341301,0.0,5.562794339495743e-309,0.00051947958193139,3.1129304619189804,2.1445950565739684,1.9999611404351687,Aug-Oct
KIM200_P20_0,KIM200,2,1.1514564844133959,0.19058414239393723,0.6822754087216893,2013-07-25,13.774608396527553,13.448887578874066,-4625.505610823923,3.5189238927128987,0.8653491855950239,0.8897878434626648,1.1371681938475295,1.0034781381586617,2.125705522926002,3.728171557586281,1.0025748864830557,Aug-Oct
KIM200_P20_1,KIM200,0,63.16024026308602,41.90230047106678,14.01071338570366,2013-10-13,45.238230991255065,45.978752909374364,-2457.4598811774617,5.62909720263552,0.9241522844711396,0.0,5.639513412183203e+211,0.2258404730646096,4.965018288892167,7.597539033330927,1.8459781540040021,Nov-Jan
KIM200_P20_1,KIM200,1,4.701917099874334,4.017412116567586,0.495585643768609,2013-10-13,43.18615003385566,43.24695930467425,-2572.424325608031,5.624410237420538,0.9602949537979586,1.627165542204219,4.041903864297834,0.9996153425286344,4.422570771720455,4.405779550748343,0.9981481543747548,Nov-Jan
KIM200_P20_1,KIM200,2,3.443694153445683,2.927716193741342,0.10041887927003618,2013-10-13,13.126639747960628,12.823876025245061,-5105.450556583257,2.913908867799698,0.9244123068345629,2.4548976530332336,0.10724905263912952,1.0027866582821752,1.6426528782681664,16.86956975036527,1.0036586862195669,Nov-Jan
KIM200_P21_0,KIM200,0,68.04612722419813,54.90741687996018,9.451791057133494,2014-02-01,67.61737584412825,67.83691505146417,-1369.1366183667546,6.107281111876402,0.7758177352603836,3.58160681649242,12.333355327643824,1.0037213571679897,5.611370835910922,10.24185180220798,0.9872645528310519,Feb-Apr
KIM200_P21_0,KIM200,1,7.801381320751054,2.2666488152818824,4.125833402236193,2014-02-01,46.48137015732712,46.25690772126702,-2138.913728887639,6.113197091439862,0.9664380757491102,2.7681914015268987,1.8023483436698462,0.9968976588198761,3.7302188824145057,2.677710729606769,1.0042277693889157,Feb-Apr
KIM200_P21_0,KIM200,2,3.424250082417717,2.16619705535146,0.7689587969906988,2014-02-01,20.32117800463395,19.901154259443782,-3934.7745815370236,4.381128483629465,0.9633848120905834,0.6743885350140294,0.2561657310673618,1.0018530632549514,2.5827678933222966,3.900409223924323,1.008756042754895,Feb-Apr
KIM200_P21_1,KIM200,0,96.36965020391865,78.38739407912998,17.76384702631714,2014-04-22,27.24406324739161,28.71888742103711,-3027.221013420853,4.931599761505647,0.899015798029842,1.715328249769714,11.990964114815306,0.9963112227259552,3.084153025242516,13.609065828993177,0.9975476123051439,May-Jul
KIM200_P21_1,KIM200,1,7.950666293479438,1.760200883860769,5.679571965695689,2014-04-22,37.33220127759203,38.05562197613874,-1988.2616731162125,6.202515495577267,0.9346336716365806,0.0,2.2285255884517645e+102,1.9994106281374318,3.48154541590973,2.423510179688712,1.9999999999996465,May-Jul
KIM200_P21_1,KIM200,2,4.1418072288511825,1.143523769328318,1.8849035402213632,2014-04-22,15.920149816195913,15.701073412002348,-4367.38799697759,4.167395120124648,0.9847133998651532,0.789209396786296,6.620534849285446,0.9995669757621677,1.8376844287926068,11.510140424181264,0.9959628773534702,May-Jul
NWSBAR_P27_0,NWSBAR,0,7.2503965303567846,5.645873729683382,0.7043291326595708,2019-08-06,45.26939428117056,45.932657144504006,-1847.3409090547025,6.4126447322158535,0.942258639596966,1.2723379227638278e-06,679.8323567971843,1.112047561572734,4.268972805118105,4.027509421237229,1.6301335901059515,Aug-Oct
NWSBAR_P27_0,NWSBAR,1,3.666815356399554,1.7672048441512769,1.0547236141729899,2019-08-06,64.15245752795973,64.37226805170906,-561.3282651344205,5.1433731370337314,0.6515032242758477,0.05154562708993002,0.8660234229193594,1.001109319675403,8.1649950274538,0.15118780666710036,1.0041349837175264,Aug-Oct
NWSBAR_P27_0,NWSBAR,2,7.540873965155441,6.032389973642477,0.914151491555861,2019-08-06,120.96206141823725,120.99871155946133,-353.6330722186376,2.7146440029201577,0.5000000007097807,5.948308458792696,3.3158463273369967,0.9861055708910599,10.778331019454965,0.10982191565089357,0.9950018664259618,Aug-Oct
NWSBAR_P27_1,NWSBAR,0,5.267287320820435,1.8642296345343814,1.6363113920879198,2019-10-25,29.003406429422764,28.97229398031824,-4490.045357277818,4.250858363372149,1.0349153088414798,3.522039906068196e-06,0.003171544581191942,0.42826724449396386,4.105004006361031,4.070987208264428,1.545618612350754,Nov-Jan
NWSBAR_P27_1,NWSBAR,1,0.3507417740899182,0.18391878135871803,0.0477643960192745,2019-10-25,15.011017784522066,15.539170562376485,-3197.1764721244563,4.532622188429345,0.82265052064698,0.0,5.574754474555937e-309,1.9999996660827837,1.435882101354402,3.207413874682391,1.9999999967919067,Nov-Jan
NWSBAR_P27_1,NWSBAR,2,0.35852054039908965,0.015780022651389294,0.09959506167428081,2019-10-25,8.891159569996796,8.591528920231777,-5253.497169133612,3.262427933209939,0.9034754376892258,0.25175838636927333,4.04555739253429,0.9925208157291519,1.18730030390871,2.672730707058619,1.0042555331761123,Nov-Jan
NWSBAR_P28_0,NWSBAR,0,6.1091595669522,5.211363041987738,1.0922701561234005,2020-02-18,27.297221034728157,28.14471266998364,-4763.968158125139,4.1746390972648415,1.062169034013347,2.166920808454022,3.1360594796600925,2.0,3.4295000926425105,11.290827220740491,1.9999999999749973,Feb-Apr
NWSBAR_P28_0,NWSBAR,1,1.6272675821145872,1.1282490267392977,0.4773878662389254,2020-02-18,13.385292759210568,13.909274830364867,-3562.8964132533347,4.271266052588829,0.8371264230522933,0.6038835476515962,11.867801209039861,0.9964525092738358,1.2329983554642865,5.668779731381892,0.9998124544044271,Feb-Apr
NWSBAR_P28_0,NWSBAR,2,0.11698798567350445,0.09309875247779095,0.013374093414570085,2020-02-18,5.629494076497052,5.566824932907247,-6528.904835512874,2.5336960012121352,0.8915765069044993,0.818492977245233,4.117616793675769,1.00188517383454,0.7823375472422358,3.702105305297433,0.9996402166074754,Feb-Apr
NWSBAR_P28_1,NWSBAR,0,30.332135753857056,24.60003462032001,0.4397308570450633,2020-05-08,40.2925625221385,39.050663981517715,-2303.6501148278817,5.614544362265697,0.9024005297894434,1.0892927628557787,2.4318376399744515,1.001685014368809,4.1238053932303895,3.6902976710948643,0.9963968376164414,May-Jul
NWSBAR_P28_1,NWSBAR,1,14.245166216559793,12.69183756116826,0.003960760611459282,2020-05-08,62.51060145111443,61.65064842416141,-716.8160533569703,6.297013471979939,0.7200975032754364,4.2135458938305534,0.1755655247443383,0.9994767867368654,4.91935207957768,4.676415303740292,0.9982113368167072,May-Jul
NWSBAR_P28_1,NWSBAR,2,55.12345477644393,50.700594552532294,2.324339790125906,2020-05-08,117.23346541832217,116.83714090118384,-792.593489650109,8.73982802499445,1.0623877994084052,1.8712909039580272,3.799803329028418,1.0002294317918454,7.927714603553396,5.482298773297448,0.9982014653830192,May-Jul
NWSBAR_P29_1,NWSBAR,0,18.434719800498552,17.573966919953612,0.34198315461220924,2020-12-26,24.865712669592252,24.92736455166309,-6401.178310551327,2.7423957348211108,1.2722339207628879,1.7625216016814929,0.04270347765797772,0.9987701235871922,4.233810166665353,10.168947055667221,1.012869756202792,Nov-Jan
NWSBAR_P29_1,NWSBAR,1,1.5999543999464854,1.4574472011328372,0.1327754320458957,2020-12-26,10.41816604391239,10.920981427995484,-4836.669372301663,3.601139106020589,0.9255428481033646,0.5747898382174852,1.4969730570671702,0.9351185447900159,1.3712745514761837,4.93792640802754,1.1675755663395957,Nov-Jan
NWSBAR_P29_1,NWSBAR,2,0.3640718321152101,0.07626826731501016,0.18021458883508076,2020-12-26,6.617762641854327,6.625485968818402,-6565.17258977126,2.644121232297053,0.9477214740952856,0.6305237120438221,1.8350101802784895,1.0067087142044846,1.2388303649551076,7.402434964769408,1.0019090573825857,Nov-Jan
NWSBAR_P30_0,NWSBAR,0,62.058156425621945,57.474898359045184,2.2640327281998602,2021-05-11,39.1128964096912,38.62487384965562,-2674.770170619124,5.509539970033439,0.9531540154683514,3.1663432938802356,5.17804816817389,1.003668215575378,2.875458573680046,11.671221440700094,0.9964732438198873,May-Jul
NWSBAR_P30_0,NWSBAR,1,12.950198508825467,11.42089854472545,1.271034016400452,2021-05-11,53.4664943220005,51.99215590407195,-1615.1411217933255,6.164259255334569,0.872063937526995,1.0459832787880339,1.8736221111810032,1.0023188581326639,5.13234381216151,2.049728939308515,1.004552300896874,May-Jul
NWSBAR_P30_0,NWSBAR,2,157.99518256890764,153.41900065510467,0.8136106623794737,2021-05-11,128.90250697008847,131.4037216342536,-431.3731179620179,9.896572581048238,1.1131554435094038,4.469308011069104,1.8638551417015978,1.0008868021937984,6.871601015593439,6.606260664138263,1.0018106936467972,May-Jul
NWSBAR_P31_0,NWSBAR,0,32.01638920898436,29.4140513324521,1.902003616096535,2021-11-19,32.52497461011061,33.784883197290554,-4652.441227823905,4.332983281231593,1.0779702996317526,1.2819870044101027,8.88195343342944,0.8285204242291461,4.42798220098711,11.074227983861554,1.5478474402358946,Nov-Jan
NWSBAR_P31_0,NWSBAR,1,0.921838739789674,0.39683942292226565,0.02101711842696976,2021-11-19,13.335467614910907,13.73459519444371,-3879.762711776049,4.116060871137932,0.8713243427896141,1.203355380760262,2.7435885697363025,0.9804413927382738,1.0104086539215005,5.465638655160768,1.0176440938256859,Nov-Jan
NWSBAR_P31_0,NWSBAR,2,0.5844810887479553,0.2748871661929732,0.014046929125064988,2021-11-19,7.8172611586948895,7.71549725159549,-6157.881043188,2.8036192390049712,0.9305554302159236,4.287257752445001e-06,0.064559452224489,0.8078200885023817,1.5592237219238776,1.7182379671682506,1.6459879713225567,Nov-Jan
NWSBAR_P31_1,NWSBAR,0,24.44306041962175,22.307765131143462,2.2818933518516045,2022-02-07,51.39389510900999,52.460679457845224,-5013.104214176748,3.958350742717544,1.0748877297702177,2.878403123380254,8.233448321852567,1.004981318538177,5.822431113723069,15.129301551141765,0.9887134746670841,Feb-Apr
NWSBAR_P31_1,NWSBAR,1,1.4924995244366557,0.62638486710071,0.6069300480725882,2022-02-07,14.73589738471757,15.457577508088505,-3780.8677908753525,4.232500723313696,0.8803752514408951,8.792442921775739e-15,28192848.256431617,2.0,1.86452371217873,3.552689464201899,1.9999999999981553,Feb-Apr
NWSBAR_P31_1,NWSBAR,2,0.9738589254452886,0.7518609981050997,0.09459525226840793,2022-02-07,7.916122723934174,7.962181830295081,-5641.253632484975,3.039462344609531,0.9046537791042933,0.6225312667146302,4.510855404163132,1.9999999998169167,1.169319362802878,3.070059073382996,2.0,Feb-Apr
NWSBAR_P32_1,NWSBAR,0,39.65961200416129,37.49450574474008,0.9852276681404908,2022-07-29,66.01194271269297,65.41132735829162,-1283.9835180932816,7.120918763845502,0.943487780782865,2.0479469910677373e-08,5.103139378515599e-21,2.259937489899045e-05,5.587398911066226,2.762269290003803,1.9999999999991687,Aug-Oct
NWSBAR_P32_1,NWSBAR,1,7.579510963401951,5.81256128986852,0.6716632090178296,2022-07-29,72.25942361150993,70.87482782970116,-1055.4389380141008,6.541903072969817,0.8423331141822985,2.8637490592031507,0.18078336255508048,1.0214324402026886,6.059797609276678,4.496285877827663,0.9855616047398816,Aug-Oct
NWSBAR_P32_1,NWSBAR,2,56.26105390751464,54.539734538005504,0.3077796230214091,2022-07-29,136.18993139773542,134.3411379630217,-594.4613103693277,9.14657459603021,1.0738965702367176,4.0233426922678746,5.470536712166513,0.9983292783773833,7.949963544227916,4.191286316089735,0.9990738527740065,Aug-Oct
NWSBAR_P33_0,NWSBAR,0,14.034823449392947,12.01095543193472,1.4173854160005597,2022-10-24,32.058482728053384,32.74676573174863,-2674.230687670378,5.393660682550937,0.9266008211701969,7.075010614378996e-13,1.5185008603649914e-16,3.182487108908595e-10,3.6265949456642796,2.2464499506471944,1.999999999999181,Nov-Jan
NWSBAR_P33_0,NWSBAR,1,3.1813980530311374,2.866558299473686,0.038982552727692334,2022-10-24,25.258469850521468,25.370400782117837,-2235.6913128915007,5.483311152804529,0.8509686478591117,0.0,1.0808027934647813e-292,1.9998675356155031,2.388710997513544,2.433238683716191,0.7291474018337721,Nov-Jan
NWSBAR_P33_0,NWSBAR,2,10.754166689528809,10.361078578960042,0.10960146507656682,2022-10-24,52.2556371738565,52.36196676328642,-2502.576143988488,2.4937432536126902,0.6768672881255149,5.389423210614091,0.06809968370632391,1.0366607252071172,5.319369961404618,4.969635444764696,0.9837984309039767,Nov-Jan
NWSBAR_P33_1,NWSBAR,0,14.442045085979798,10.351764143813199,3.404576520627253,2023-01-12,22.56138409315479,23.038767525537448,-5358.558378610633,3.907820305850716,1.1049476502712747,1.4398155722269668e-06,5.7356021636445464e+16,3.278555223860752e-09,3.5858116571228145,3.3335228281075246,1.9999999999999996,Feb-Apr
NWSBAR_P33_1,NWSBAR,1,2.812686104478808,1.463882495965086,0.7154456597205954,2023-01-12,15.012875192599973,15.516110048858774,-3631.74686724406,4.291549405833917,0.8630450327489618,1.3890427619502306,2.397137476901525,2.0,1.1504020387335256,9.78882352219933,1.9999999999913318,Feb-Apr
NWSBAR_P33_1,NWSBAR,2,0.7521646632873406,0.5833996924179213,0.05522966839958925,2023-01-12,8.305702075935137,8.28784052748205,-5303.141420674093,3.178636885308501,0.8842086431629024,0.8042089109027181,1.4817128718662553,1.0013936070652893,0.9525416115734835,9.023906894241616,0.9987631732778739,Feb-Apr
NWSBAR_P34_1,NWSBAR,0,9.436873091242921,3.0064240655965855,3.4438073559919657,2023-08-01,38.9727532421738,40.14159931814093,-2676.60966986957,5.410612221567508,0.9323951485762084,1.5429187933269732,10.821075779129725,0.9994335090081593,4.260855880202921,10.491732135030066,0.9974846604317289,Aug-Oct
NWSBAR_P34_1,NWSBAR,1,3.9308068329164554,2.8398170494943282,0.028382831796267438,2023-08-01,28.345580273090135,28.268982566590473,-2111.5914184511153,5.657045387755322,0.8542524459691232,8.22833528975331e-157,inf,0.08449112968210086,2.65627115729253,1.950466929647237,1.5912873220838086,Aug-Oct
NWSBAR_P34_1,NWSBAR,2,4.117118527600173,1.6188455621250855,2.0369023906854813,2023-08-01,88.07321500944813,85.30285899601043,-1161.2208077923187,8.106532936243262,1.0560684846514643,4.4877167808868,2.89584617378515,1.0055638205531423,4.649908735604969,6.693583772771641,0.9891027758041822,Aug-Oct
NWSBAR_P35_0,NWSBAR,0,8.7166385921563,7.430821493675816,0.5182858793632485,2023-12-02,17.36612046137602,17.737400660323498,-5842.683189015594,3.4393750815511885,1.072192101285755,1.1829728021110186e-16,172.7085797159089,8.230990557595677e-17,3.1326387409602603,3.528102735593565,1.999999999998194,Nov-Jan
NWSBAR_P35_0,NWSBAR,1,0.43568704245039774,0.0043671263781164555,0.14534535553170397,2023-12-02,13.29232220639516,13.817913317777682,-3936.7096800526706,4.124403609397289,0.8854288596949377,1.1889112631302365e-217,5.56284229016504e-309,1.8010535260783542,1.558107946846167,1.977672200607822,1.9998151143617569,Nov-Jan
NWSBAR_P35_0,NWSBAR,2,0.5598599866987589,0.14760387454563162,0.302325694820024,2023-12-02,6.342635916321776,6.243807659444107,-6273.175466211136,2.7503386253742073,0.9276944711916767,3.34314545288037e-12,2.1173331580267257e+25,0.9571938760453456,1.0806049219293936,3.773949322350623,0.957874379352307,Nov-Jan
NWSBAR_P35_1,NWSBAR,0,12.541547459631316,6.426776269610769,5.627279265815728,2024-02-20,37.80649300491451,38.99164954114993,-3131.9103396983764,5.138940767905482,0.9690689272862447,2.8363594399187333,18.71426252628419,0.7965880540165761,3.6347770017097485,8.349459275710231,1.358867129048792,Feb-Apr
NWSBAR_P35_1,NWSBAR,1,1.9852648281976528,1.4716593637345352,0.40312923134154,2024-02-20,22.19360150333727,22.141595348258353,-2417.719812090495,5.31848716378054,0.8432430568746664,1.4066067384918843,6.2960397138470965,1.0021999701698043,1.2205419482134485,3.8199627654785826,0.9968271102926903,Feb-Apr
NWSBAR_P35_1,NWSBAR,2,1.5344639734425083,0.3506399939044339,1.038694395387654,2024-02-20,17.791813427046606,17.201721867802753,-4038.2991250515815,4.174854608314548,0.9271751979632779,1.6918776900476895,5.285161600301918,1.0094340432400082,1.6298648901775619,5.160527153414719,1.0016642084167555,Feb-Apr
NWSBAR_P36_1,NWSBAR,0,16.3426331231163,5.631295600798811,7.83654505778686,2024-08-13,37.13133333100499,37.83673197570605,-2728.7065657672397,5.374683316543185,0.9369781132712596,2.675060935416223,6.812119876392093,0.9956255521063838,3.3670096752040113,10.15407594586321,0.9969830192338333,Aug-Oct
NWSBAR_P36_1,NWSBAR,1,2.3640787190748265,0.7654488001228684,0.30403683594462483,2024-08-13,23.98709464516021,24.071667763354025,-2261.766586465334,5.193970864101609,0.7701815081137303,1.2583441814177334,1.6815675401359857,1.0107236567653268,2.336717267735315,5.190994486063621,1.00950583328895,Aug-Oct
NWSBAR_P36_1,NWSBAR,2,2.378582489819515,1.2473252125657477,0.6783664357916392,2024-08-13,34.26817572979208,33.296560492492326,-3134.4513023943273,5.421788321335726,1.028038432622612,0.8985521434205026,6.650353747591016,1.0002388550686903,3.6069001998857066,2.5254857997098266,1.000680678374705,Aug-Oct
NWSBRW_P37_0,NWSBRW,0,367.2033811091036,214.88541388370803,133.15214531316252,2019-07-31,102.53796982866103,91.67862138988873,-1644.503494295007,6.071659198213746,0.8416578614454093,4.331144831187561,33.43240058027624,0.770048833746258,6.9792558541250145,12.570556986716456,1.5791767637230223,Aug-Oct
NWSBRW_P37_0,NWSBRW,1,4.83899578893611,3.583255136709612,1.0458154967509081,2019-07-31,29.028243375140246,30.044828551342317,-3119.2322947780967,4.770568091402216,0.8883383341042238,1.9516623674541775,3.8739189522581072,0.9984510671326555,3.3367714092388097,8.042738101300074,0.9989187934429891,Aug-Oct
NWSBRW_P37_0,NWSBRW,2,10.007398988186033,5.362869685489701,4.010293509289309,2019-07-31,14.225261249674828,15.264529665733834,-4051.971701986558,4.058106004389507,0.8938893228843725,1.2925692350210631,4.641012956957442,0.9987145673755614,1.6056032447860986,18.347899958966284,0.9984551169622072,Aug-Oct
NWSBRW_P37_1,NWSBRW,0,420.86369101202666,310.56511663109,127.3183471931512,2019-10-19,97.52025892033966,102.87982566715961,-1282.8152325434028,7.465154748662564,0.991284526464042,2.5929647960740203,7.534291682884866,1.0018771773773634,7.662469659942155,47.035133994998866,0.9943890903157245,Nov-Jan
NWSBRW_P37_1,NWSBRW,1,29.467819684335147,25.67401897970042,2.874259029383898,2019-10-19,34.108896589606864,34.509701585878766,-2803.865607462959,5.320251413434031,0.9483735489969223,2.906951097087911,2.476920774765969,1.0002484510718495,2.6935039336768827,4.275923209297488,0.9999803184378777,Nov-Jan
NWSBRW_P37_1,NWSBRW,2,67.32108864461395,50.84578655797978,18.973076241161323,2019-10-19,23.360165603412884,24.277542880185464,-4066.3404249946943,4.648915934253105,1.0381530939924062,0.6755149369464188,9.603256982304519,1.0007905932223653,3.0542682600617828,12.459585524851958,1.002013091859666,Nov-Jan
NWSBRW_P38_0,NWSBRW,0,422.7397055525432,232.8041833143758,176.73957149027092,2020-02-11,126.86725646596854,171.09264834435348,-869.8358218337548,7.026732959459773,0.8395798729641432,3.955959728789014,24.020781738922654,0.9932613138716124,11.092125990697282,1428.4383341063817,0.9894011178649479,Feb-Apr
NWSBRW_P38_0,NWSBRW,1,5.256108501205898,2.6613813992506103,2.21873926621586,2020-02-11,31.638806580929653,33.35249754781903,-2140.521027583325,5.810141277776902,0.8919265163813609,6.3956803657868575e-09,0.8266777412162161,7.480398265242455e-08,3.2746636745650792,3.2271464175483104,1.9999999999991207,Feb-Apr
NWSBRW_P38_0,NWSBRW,2,60.43045966895893,33.86820548678267,24.860016423302188,2020-02-11,53.74610611295502,56.60368635892366,-2516.7015789918373,5.526310964365773,0.922160703503589,3.7572704427998813,28.996817054912754,1.0005972523643656,4.6924541760952465,27.395366444893885,0.9895091702567957,Feb-Apr
NWSBRW_P39_0,NWSBRW,0,411.58285217738626,288.79526352704954,102.75714752930062,2020-10-01,91.96101182623116,128.06740016278513,-1959.4616348365855,6.168334875843163,0.9293236869033656,4.37599275350853,7.196985746284951,1.9999999999957176,9.132292493508578,371655730213.1519,1.9999928046382267,Nov-Jan
NWSBRW_P39_0,NWSBRW,1,22.7495094442388,16.48495062623468,4.893381988379522,2020-10-01,37.98172518477953,38.54737369239678,-2887.1621485560017,5.445518484175984,0.9947907497355467,2.6200279113072984,1.5744768754141583,1.0013934842982954,3.488669875497897,2.8530788166617467,1.0012523811447418,Nov-Jan
NWSBRW_P39_0,NWSBRW,2,12.997467699146867,6.564418877144484,5.652888943801194,2020-10-01,18.47795862608343,18.61923566019066,-4266.244252212159,4.327028588023269,1.006165874414125,1.642868410250785,10.76123553031353,0.9927024858144803,1.8266878949618028,6.268270197601765,1.010757722158615,Nov-Jan
NWSBRW_P39_1,NWSBRW,0,368.0101499640997,278.8869430063861,96.3882854128123,2020-12-20,147.01202663337696,148.34897335586362,-960.0109673522156,7.907254594520874,0.9890219277852245,3.5864190974716745,17.52378673410869,0.9946381156937896,9.66886400820673,68.92412138503501,1.008346186989226,Nov-Jan
NWSBRW_P39_1,NWSBRW,1,4.03828696273933,1.5298312727303944,2.0186784395827506,2020-12-20,36.2590079206024,37.117724640366504,-2630.701336563124,5.821802540712231,0.9981841803248866,1.2932159335625288,14.309064862053486,0.9950780173985679,3.5695127138280904,4.888816184070547,1.0008532858129182,Nov-Jan
NWSBRW_P39_1,NWSBRW,2,28.149680207413383,20.01634874715927,8.637362651279268,2020-12-20,28.627069772759715,30.570282685662118,-3928.369288178483,4.801395946944314,1.0444705446187226,2.094666063658624,17.102067234237175,1.0518905065803654,3.2718883040964637,9.556880160222363,1.4735899746580134,Nov-Jan
NWSBRW_P40_0,NWSBRW,0,366.6170792892051,327.9670448481916,39.405214812771575,2021-05-05,100.69624454050141,100.35250576830258,-2341.880392756042,5.231473988371334,0.8156744756060356,2.4384427700917524,22.963482222165755,2.0,8.751069701511462,9.394128471213977,1.7780664062491418,May-Jul
NWSBRW_P40_0,NWSBRW,1,24.12319418677363,22.618894076106336,1.5734792843214298,2021-05-05,27.532141218038074,27.64656379113679,-2434.7223155205857,5.457472055083269,0.8838763835108022,0.0,inf,3.938858627297378e-25,2.777173933170715,2.49767822840838,1.9999999999999525,May-Jul
NWSBRW_P40_0,NWSBRW,2,6.41182209535881,6.015316362900249,0.11852079794239069,2021-05-05,29.86497158610686,33.27273757516873,-2740.0163475728905,5.875232520652477,1.0182058570956385,5.4752991654553586e-96,616.7132546561272,0.704822559502017,3.163805353735523,8.502886752628237,1.741974204692989,May-Jul
NWSBRW_P40_1,NWSBRW,0,543.2588945506984,333.33227425799447,172.90331160740348,2021-07-24,144.64863201433738,145.48196801253854,-640.5069785146934,7.774349963144042,0.912015525970347,3.2232539471535935,9.109357174479834,0.9967830074392676,9.735283685295004,28.898648148823984,0.9970049510999748,Aug-Oct
NWSBRW_P40_1,NWSBRW,1,5.1871501291916084,2.2617901954390023,2.1148619252070056,2021-07-24,35.12249481900917,37.68120018258828,-2055.8581356730365,6.29637654469884,0.9652143614753349,1.7901411115981665,4.933615771744017,1.000693946874808,2.8025330338442656,4.641553912549855,0.9881423009642398,Aug-Oct
NWSBRW_P40_1,NWSBRW,2,2.9824217477767565,1.0373067319244729,1.124851568140509,2021-07-24,35.062608436058206,36.4698169717607,-2659.0465102170147,5.5842110614773075,0.9626326286475402,2.1214292956445204,6.9439261281001015,0.9994779628171112,3.327063366694939,6.07796448391061,0.997951610901266,Aug-Oct
NWSBRW_P41_0,NWSBRW,0,383.6788692600204,317.7523051588433,72.13718344794007,2021-11-13,145.40014890844594,144.45538708572442,-1603.8886580455528,6.677831662402042,0.9451332751691048,3.8743306638231827,15.927068763522117,0.9890249412372272,9.980004894386001,67.74327895935731,0.9963849444076526,Nov-Jan
NWSBRW_P41_0,NWSBRW,1,7.857271495970757,4.778227780120616,3.0181148792274133,2021-11-13,35.849862387796406,36.65062874684615,-3005.1458716800307,5.284215432812534,0.9841238321255878,1.037664791389264,2.6791820202985446,1.0002237931622642,4.1385637918217055,2.746686083201003,0.9996471823688415,Nov-Jan
NWSBRW_P41_0,NWSBRW,2,11.99996954415947,10.299945647960818,2.045095695689244,2021-11-13,19.253113312891166,19.94853443786696,-4372.329662358654,4.144159334371288,0.985445315801297,1.2381286817991621,5.296963172582727,0.9984618446280359,2.6227807128572884,10.934915668488353,0.9995942957410036,Nov-Jan
NWSBRW_P41_1,NWSBRW,0,407.02451083844966,293.21853694084484,93.19524969064325,2022-02-01,112.51240150014584,113.789011955112,-1691.4690041325935,6.410069500761466,0.9148092024617973,2.3070854413911537,15.91506981608571,0.9887683547260601,8.998860524760822,76.05031709800049,0.9971958843570077,Feb-Apr
NWSBRW_P41_1,NWSBRW,1,2.625095131272415,1.6994134869112931,0.5330210967911482,2022-02-01,55.4196938950043,55.064960458090596,-2668.667134008789,5.57102710615093,0.9778879425256543,2.358082154823097,6.2065710997262435,0.999259635676746,5.3908853046581475,4.015195958460677,0.9942879959807264,Feb-Apr
NWSBRW_P41_1,NWSBRW,2,11.353167048582645,8.696375424444721,2.061988163929934,2022-02-01,20.265636548118405,20.738367058657474,-4089.454400550858,4.305636367130024,0.9677905744466585,3.296599849010786e-158,0.5630488526960062,0.8777384412141103,2.8682158746726762,3.5138010664073587,1.9241276192340078,Feb-Apr
NWSBRW_P42_0,NWSBRW,0,513.1157373330157,430.2953531864291,66.42097465005968,2022-05-04,98.54342655597537,92.31125177586978,-1908.2560275209216,6.004251364156534,0.886939331324007,8.511586055991094e-275,1.5103130595341137e+39,1.774161900543045,8.26108548026676,8.90681197226334,1.5679045282924138,May-Jul
NWSBRW_P42_0,NWSBRW,1,26.812437994775593,26.158105159604112,0.3101443299704371,2022-05-04,43.65497011587196,43.871797119324604,-2652.905583858263,5.720674884798667,0.9850616015227628,9.793113835996877e-07,6.8943117681091776e-59,0.8110696030145007,4.676246550778304,4.535209591083084,1.3639155332055586,May-Jul
NWSBRW_P42_0,NWSBRW,2,7.6879555629690906,6.7414195446630085,0.11789485101806246,2022-05-04,51.98917481558055,58.51095932693523,-2147.173600721521,7.0766532619442035,1.0903180202462324,2.3687961717652173,11.380620911848851,1.0044689456756017,4.415786405545953,24.993431969746133,1.0006988123514053,May-Jul
NWSBRW_P42_1,NWSBRW,0,530.2001973839631,358.5032288737442,172.35246122164327,2022-07-23,152.30447875587583,151.52600633868983,-485.9752345196814,7.4493550177135965,0.8299514101684856,4.036465113660757,13.86692576940552,0.9909538028357311,9.960445999358921,17.173695636712367,0.9979303345144349,Aug-Oct
NWSBRW_P42_1,NWSBRW,1,48.1371188615043,30.46011566016206,18.430572251636672,2022-07-23,39.32504200976088,40.92330193371307,-2270.1823010599073,5.947678274058515,0.950352000752716,2.308393123819392,8.863026039771515,0.9920329995871906,3.4439666488572516,7.358500268403149,0.9967107426539096,Aug-Oct
NWSBRW_P42_1,NWSBRW,2,1.7509685278734906,0.9365960400201098,0.6373981343240241,2022-07-23,21.269178975533418,22.244343504097696,-3407.4326841781285,4.697683680849012,0.9291989308519969,1.4940103077114495,2.9719896159610095,1.001364322281851,2.295465790474594,3.698061585214411,0.9990015222214274,Aug-Oct
NWSBRW_P43_0,NWSBRW,0,397.64667269686043,341.95137216685595,60.30155576441388,2022-10-30,115.85013997888278,115.98108935892336,-1329.9420724447143,7.158447976487679,0.9650932561652339,5.3474006031797625,36.97421908076489,0.7360431629345375,7.284700671832075,8.57047328616633,1.47827824855569,Nov-Jan
NWSBRW_P43_0,NWSBRW,1,4.135254419179115,2.0609598400501716,2.034604910614247,2022-10-30,56.96109593671106,56.66577164350681,-2949.135046176494,1.1529276802916189,0.5000000084449375,5.3532144504425565,0.058416014387844245,1.0080665464825116,5.988287583257985,14.352329543528569,0.9907975027378744,Nov-Jan
NWSBRW_P43_0,NWSBRW,2,22.444855589825636,20.422208357140676,2.1163453710354343,2022-10-30,19.601176003333215,20.68625582214269,-3890.839002122565,4.756800253580961,1.0267411819096446,0.8622225665695257,15.751334227307874,1.0011773094953853,2.1775799514737106,7.605218624352279,0.9968327716323387,Nov-Jan
NWSBRW_P43_1,NWSBRW,0,276.84697211223266,195.1592973198895,83.62449899630965,2023-01-18,95.8688686484,93.04041448588141,-1518.0011958729538,6.890374984979917,0.9567479091433672,4.495171022560914,3.9523301318655317,1.9999999999989804,6.389319124034355,5.773676525862949,2.0,Feb-Apr
NWSBRW_P43_1,NWSBRW,1,12.898146132471117,7.100069084936169,5.579948540581085,2023-01-18,37.49653841087308,37.72772339635946,-2966.352138855248,5.607668604278062,1.021148622912353,8.239033289463561e-160,5.480521091632988e-100,1.4992203509576436,4.076892218485275,6.002737460542562,1.201772357744138,Feb-Apr
NWSBRW_P43_1,NWSBRW,2,31.354306387444044,24.54962170214897,6.593779537517703,2023-01-18,23.08927075044122,23.630016090248464,-4189.862086978683,4.3460957076211475,1.0027971289284363,2.2678126360325646,5.471217288586638,0.9993801140108414,2.418511451116904,7.214122963612225,0.998572405120401,Feb-Apr
NWSBRW_P44_0,NWSBRW,0,344.4060958174728,290.7668349314303,34.21890208164357,2023-05-20,86.33235981609039,85.04058872852715,-2907.709294704169,4.68736121828099,0.8195394381797142,3.4027994693758337,23.358387885980505,1.0000108962993246,7.696392179099605,47.51428171978896,0.9870132850282007,May-Jul
NWSBRW_P44_0,NWSBRW,1,13.724025145163427,11.873770324728152,0.7786373736206479,2023-05-20,28.173935906634185,28.6004728304607,-2655.505060819406,5.229988927698209,0.883176350561695,1.3123836873737753,4.581488359711507,0.9938864650908905,2.9373436133156026,16.603315622692627,1.0054505969099286,May-Jul
NWSBRW_P44_0,NWSBRW,2,1.4938941676620814,1.3729976749852288,0.03849943935409904,2023-05-20,24.039657677146433,24.805006182188706,-3159.590198317451,4.903430110452864,0.9171986410747343,4.812727120259094e-10,1.7149999244645454e-12,0.001110284334707009,2.9368628662445313,4.062500739443082,1.999999999995243,May-Jul
NWSBRW_P44_1,NWSBRW,0,365.22534865163067,236.5701682305176,147.0356899580646,2023-08-08,89.47984936695487,89.98471258113199,-728.6489677677606,7.130914621684503,0.8243730063580319,4.092281234949364,15.563754454845332,0.76609104468497,6.332795247731594,10.215728823370375,1.4096031151249688,Aug-Oct
NWSBRW_P44_1,NWSBRW,1,4.692938819229834,3.9758332818761755,0.627284198099098,2023-08-08,45.514570246895644,47.05809771389603,-2241.721358746522,5.834241411257852,0.9333372690042507,3.439443644436166,3.1705897442400275,0.9956123890598356,3.54976411622252,7.730098547055341,0.9963738892243234,Aug-Oct
NWSBRW_P44_1,NWSBRW,2,20.904659316561588,11.980648466021842,9.880201902935646,2023-08-08,16.6419497567257,17.175279461247936,-3767.839005422216,4.260845253337747,0.8911164625969422,1.127523456515931,2.329133169415629,0.9998908972752302,1.9480444415215912,7.73497316396602,0.9989321006693478,Aug-Oct
NWSBRW_P45_0,NWSBRW,0,139.36087912796373,104.20036170461893,32.06878813184301,2023-12-07,34.328711397480156,34.21835261150253,-2769.3854346839416,4.6674923402447055,0.7530759982387406,1.517296974235869,21.178268995722956,0.9909369632829402,4.284200325690775,17.127398520065288,0.9991246425286683,Nov-Jan
NWSBRW_P45_0,NWSBRW,1,22.310135424654728,15.915847795116147,5.889830230131709,2023-12-07,25.192652452601024,25.311046009329235,-3632.977852158945,4.292866728786361,0.8758357846060763,1.5253012679492433,7.899531398318438,0.9977299950460375,3.2809859605674596,9.450380803966588,0.9968220508413509,Nov-Jan
NWSBRW_P45_0,NWSBRW,2,2.2754356581259945,1.2287466693992424,0.9286876616135673,2023-12-07,12.913921982373568,13.153890310098259,-4713.285992476889,3.5531484553542203,0.8826694554790246,0.8390551626090155,11.633557064381606,1.9999999999845102,2.000880247783105,6.041628660500442,1.9999999999999996,Nov-Jan
NWSBRW_P45_1,NWSBRW,0,323.65211644042415,182.1487432177658,127.09952892415971,2024-02-25,114.43157996518522,110.5606912009287,-1778.7521503947191,5.600591086285961,0.7610322430630345,3.6534637609778797,13.293380115426094,0.9991113499020841,8.812893565331242,43.25319283338676,0.9948239087654986,Feb-Apr
NWSBRW_P45_1,NWSBRW,1,8.696989242131476,2.155773088422877,6.181700401522638,2024-02-25,50.80875315558404,49.50686835470157,-2456.8014697044564,5.48628325588365,0.9139084054193279,3.4633283889585083,7.074552134426812,1.0087381418919865,4.196131092746748,4.615749454968774,0.9873935499006337,Feb-Apr
NWSBRW_P45_1,NWSBRW,2,15.936554213270481,8.407651222189601,6.7236794283685795,2024-02-25,24.860001136351602,25.43089074063448,-3355.1381522834445,4.5174608241238,0.8729216504353478,2.653995117712156,8.600141524180009,0.998326594793888,2.2024789193649443,7.895340466612193,0.9979203468712288,Feb-Apr
NWSLYN_P46_1,NWSLYN,0,43.85100158981808,16.86460639216622,1.9745711429424393,2019-10-16,27.5370847895275,67.26087115296654,-2804.072120573022,4.552664670165547,0.6944202037767901,9.75572128064039e-07,62.56981744229865,0.9095046682160731,7.431434123150733,2.4199933647031242e+17,1.0124976275305453,Nov-Jan
NWSLYN_P46_1,NWSLYN,1,1.401561289219132,0.2930649881678351,0.10116185986431117,2019-10-16,18.37183037823028,17.901588769501124,-3757.1549753403197,4.252681848727521,0.8920535846534169,1.7992875575528495,1.7488617549764849,1.0011122666308052,1.6303103536768615,9.865621517216821,0.9972639943188808,Nov-Jan
NWSLYN_P46_1,NWSLYN,2,0.307656003312408,0.14880767155988353,0.028661982019006698,2019-10-16,7.388232847002433,7.366016030882043,-5924.891142355062,1.3406366635618558,0.5000000000004028,5.734859180158129e-50,2.075730015690157e+64,1.4183161911017577,3.074389563000325,0.1069442882058429,0.7854628852888357,Nov-Jan
NWSLYN_P47_0,NWSLYN,0,25.80501031773017,10.200864553584893,6.055107131334807,2020-02-08,16.909186514195703,15.78533562127866,-4566.750348415319,3.2829996276319866,0.7075244815423402,1.7933450339139212,35.79320957138454,0.8175158076143053,2.484794133475256,26.514926867896076,1.3413954341538519,Feb-Apr
NWSLYN_P47_0,NWSLYN,1,10.089162866593142,6.379504814818648,0.8074160137420954,2020-02-08,18.902451733934456,18.786804686764988,-3704.4454020368203,4.0502922211448364,0.8128974972284057,1.3532730491253846,11.607274868296265,0.9991001258173469,2.512371023297631,7.2832022030649775,0.9902125704821833,Feb-Apr
NWSLYN_P47_0,NWSLYN,2,3.3277871876117655,1.4548168946847453,0.489387699826219,2020-02-08,6.545900508492623,6.522556226282197,-6179.534553472524,1.6578284201614235,0.5699758775162242,1.2401377911529752,2.038557307770365,0.9984699715261117,2.333896034687209,0.07458492566051232,1.0037372151146406,Feb-Apr
NWSLYN_P49_1,NWSLYN,0,52.535987039908555,42.276244208121334,2.509025566754726,2022-01-29,20.556755680755227,20.951597850490657,-4032.8523519352257,3.6304594880466228,0.7123726908441212,0.5247127861884207,6.951399699392117,0.9957056061013486,3.5804142206234193,27.179687785274965,0.9955105074828507,Feb-Apr
NWSLYN_P49_1,NWSLYN,1,6.7646610801213125,3.5116971279042652,1.3445857420798146,2022-01-29,17.41909316219197,29.396890835014016,-3993.481362212304,3.794843242795837,1.1069887681696178,2.4607112816465344,4.134844363743331e-20,1.4299940506648359,4.308604091472278,590.7643507748478,0.47774567140932017,Feb-Apr
NWSLYN_P49_1,NWSLYN,2,0.9960616592659095,0.6413380848722275,0.014460407497175455,2022-01-29,6.0513093230788355,6.061882544069823,-6233.09540516516,2.1808262717389018,1.0029440131126535,1.2344343716081675e-22,8.599243766777754e+212,0.5569057412913411,2.0467044002174943,0.1539407370568218,0.2797401095675209,Feb-Apr
NWSLYN_P50_0,NWSLYN,0,79.90716885902849,64.33003885027449,2.296905719553693,2022-05-01,24.611275796562172,22.003059497769875,-2896.573464013334,4.583078353794934,0.6031209335472866,0.0,inf,2.0,3.481723459246127,4.816131277159867,1.9999999999997824,May-Jul
NWSLYN_P50_0,NWSLYN,1,2.1566816735318923,0.36205654372230106,0.413707781001737,2022-05-01,16.096974606800647,21.77454160856752,-3238.722786240209,3.498477593775218,0.5322685573157024,3.6315208382626816,0.08756011991825917,0.994696198407797,2.8797027875745775,528913.2425644355,0.9911823630389467,May-Jul
NWSLYN_P50_0,NWSLYN,2,0.24538087162104577,0.11231454043642741,0.03413033469742413,2022-05-01,8.120076386650998,8.044386355313629,-5011.644571270277,2.5175279010490397,0.6082651483588924,2.5343434142166736,0.11859491269039663,0.9931003173681482,0.5204857151793297,0.9423911412361272,0.9828434503866008,May-Jul
NWSLYN_P50_1,NWSLYN,0,74.65535646507826,58.103820524840486,1.0956288678810717,2022-07-20,21.797152260583836,22.348130511667776,-3675.7781906422338,3.9263203084681138,0.7488331380016379,0.8748087770738499,10.021093682712628,1.006364651731654,3.468002023497401,14.6718119524936,0.9941069591474502,Aug-Oct
NWSLYN_P50_1,NWSLYN,1,1.710951663681625,0.08061359677625649,0.1776149119471333,2022-07-20,20.626900080316226,20.234110744742733,-3933.7854168609692,3.928080553744975,0.8428872665154014,2.009910914812136e-07,1.7734197283240316e-35,1.2287768425888763,3.195231757140213,8.365888257714392,0.7759631640225422,Aug-Oct
NWSLYN_P50_1,NWSLYN,2,0.6047138164347431,0.5350753569408012,0.00020250278699255274,2022-07-20,7.334642191119863,7.3522127682719685,-5805.6480528353495,2.110260028903111,0.706806416523409,1.0710648234551055,1.4027343387144973,1.0316921542323372,2.228306296718793,0.10366680396502853,0.9971308927860678,Aug-Oct
NWSLYN_P51_0,NWSLYN,0,44.357696968153604,27.20973677049997,0.3590426475866435,2022-11-01,38.54961507304507,37.42876284527745,-3076.700240597957,4.523634686505106,0.7963468542761701,2.568941339778723e-65,1.568373258639735e-77,0.5388970626388142,4.920779185827721,9.232810919063517,1.6525204676432084,Nov-Jan
NWSLYN_P51_0,NWSLYN,1,1.2400597367114408,0.4268599478170917,0.12817228508584322,2022-11-01,18.929422221462996,18.984599029927573,-3393.6378856881443,2.340936788784681,0.7090143803242241,1.0653541078398678,8.358030882383995,1.003101562774563,4.512879771144754,0.07088892695930489,1.0038451194123066,Nov-Jan
NWSLYN_P51_0,NWSLYN,2,0.981256137843286,0.5593017709194991,0.08190684259825676,2022-11-01,9.762793495343,9.629600437758992,-5457.155789155748,3.2926277785459988,1.0918656870834167,0.0,inf,2.0,1.8022688662480295,0.19799581090150153,0.37405438365754184,Nov-Jan
NWSLYN_P51_1,NWSLYN,0,28.394901876091183,22.518137811952357,3.173692470958186,2023-01-20,40.858639694863335,37.10769091423668,-2568.001347617381,5.711355707653347,0.9663114817998921,2.0965728473152456,5.938380315407945,0.9976971531134049,3.288441839970622,8.46026726318878,0.9964075939414363,Feb-Apr
NWSLYN_P51_1,NWSLYN,1,6.3595689062382945,0.025485352548564554,0.11379246943490073,2023-01-20,84.6085157963927,79.02827964294082,-885.7655517369948,7.190526204187811,0.9229342581506916,1.1038027758333798e-295,2.2742401492956095e+156,0.1351862847836716,7.647202801386304,0.2145646005016798,1.801046227455704,Feb-Apr
NWSLYN_P51_1,NWSLYN,2,0.9280675760259826,0.19790988091844686,0.040075704727497614,2023-01-20,28.003397020811562,26.97937621673933,-3881.505783708426,4.0798208736055885,0.9122972569659972,4.02749624614989,0.21062853229616238,2.0,1.8608830791031952,50.06567630253649,1.9999277052926419,Feb-Apr
NWSROW_P54_0,NWSROW,0,61.176682203969825,37.32729607463884,22.5245790371578,2019-08-04,66.692283059057,60.65079579029491,-2205.6816121336697,5.121075596821338,0.7191193848037372,1.482791159380083,5.4331186105475275,1.9999999999999996,6.529945545009475,5.995870407321603,1.8821819858619155,Aug-Oct
NWSROW_P54_0,NWSROW,1,3.7229921749243915,2.9532857780001764,0.5878621747915633,2019-08-04,19.360515365401696,19.01181659279163,-3041.1207498008716,4.436845100974545,0.7448342208131461,0.0,inf,2.6135079513090543e-11,2.6055912588414323,3.2292047770097536,1.6880815558506144,Aug-Oct
NWSROW_P54_0,NWSROW,2,0.5157990318009075,0.20023543482536468,0.22223802442429522,2019-08-04,11.183748824681528,10.655268181116718,-5315.6464609015275,2.9145444603792687,0.7832248343330648,1.0893192583032398,5.555860176568521,0.9959086135540459,2.0219419810626698,4.564964777714247,0.9998228247942049,Aug-Oct
NWSROW_P54_1,NWSROW,0,49.88546340543269,35.30781703486639,13.731232797212078,2019-10-23,24.9113963791707,23.886582704314648,-4639.530076059158,3.6079156325524857,0.8920090596253307,2.0568151672817567,6.592344732471237,1.9999999999972196,3.307288447680908,5.048979744351676,1.9999999999999996,Nov-Jan
NWSROW_P54_1,NWSROW,1,4.640647154195777,2.8697546341188866,1.1960864946318899,2019-10-23,19.154439013087753,19.11349510372507,-4147.404259222723,2.419837922160313,0.6147821916309179,3.3054464364317884,0.07167959512676053,0.9953298181657156,2.9104460351924453,6.185025082717986,0.9821698057329549,Nov-Jan
NWSROW_P54_1,NWSROW,2,3.372631726814213,1.9737988072819155,1.4045064550750703,2019-10-23,6.203097628652126,5.919979023859964,-6587.92515942067,2.1712429495931684,0.8197754795996552,0.9518874940073108,1.2539647933282108,1.0031961296292897,1.6019634207396756,0.17404254821635562,1.003426577423813,Nov-Jan
NWSROW_P55_0,NWSROW,0,54.417618613890824,47.06050517942862,8.574703681065643,2020-02-16,54.911057838878655,45.21612235464427,-3812.447180315142,2.098831075441908,0.5000000103509679,3.308393530049095,0.03507169899768881,0.9803909411887513,6.024824557820669,26.650608167188953,1.0231628866724574,Feb-Apr
NWSROW_P55_0,NWSROW,1,9.811360288409247,5.332331927710852,4.785895374473339,2020-02-16,17.38052038952094,16.81986926709024,-4025.3044785644074,4.0656791353478585,0.8932727857909423,1.4431128185924826,3.6319294373861557,1.0035425127933455,1.92352014513472,15.794780313635409,0.9923652601724614,Feb-Apr
NWSROW_P55_0,NWSROW,2,2.1089783426937316,1.513244010343627,0.6838467369379161,2020-02-16,7.319325239594875,6.852257264761418,-6262.527897827748,2.7039439369871894,0.9086582108708822,0.608830581377735,4.1938549015073185,1.0036312266778733,1.2590822261124486,6.7834865564833855,1.000877163799769,Feb-Apr
NWSROW_P56_0,NWSROW,0,109.1477214532225,83.66846092727785,25.39084252461081,2020-10-11,75.20762795498473,70.58248432463516,-3107.4794633205183,4.767077771163228,0.8829246165234752,2.6592987079516104e-31,1.2991874986674776e-37,0.6570865592031435,7.445079272074035,8.806562179697327,1.6673984459420002,Nov-Jan
NWSROW_P56_0,NWSROW,1,3.2111519644470485,1.6206590174574171,0.3051611357654125,2020-10-11,17.995080293246087,17.717684663202593,-4020.113074383611,3.1743640645746183,1.1373750129158557,1.7352422314573937e-06,1.3621453769157503e+62,1.7161021044579,3.856764132060015,0.26346058960959184,0.3467231851666023,Nov-Jan
NWSROW_P56_0,NWSROW,2,1.574140004565028,1.0307546762148472,0.45540277182114963,2020-10-11,6.765875433522537,6.6898925469980055,-6556.142295129877,2.34631909612854,0.8814692988992564,1.4808344647283052,0.19871683087202724,1.0025190978963154,1.1367079343362723,4.165124766240032,0.9964309118377502,Nov-Jan
NWSROW_P56_1,NWSROW,0,171.17382024594522,106.17491481830473,52.05344296721555,2020-12-30,42.12460169372753,41.803239388352004,-3028.239272865979,5.486099843164091,1.0082764671889326,2.213914395947214,7.838101728871472,1.9999999999974403,4.075918920317772,9.067838663191324,1.9999999999999885,Nov-Jan
NWSROW_P56_1,NWSROW,1,3.591521456996273,2.9571623065605372,0.3369963912157273,2020-12-30,20.061255964878832,20.718948525119544,-4131.735508476979,3.789652399098264,1.365512465975262,1.4913934693734725e-18,1.3185712986014347e-08,1.5939489777797584,3.9604758603936365,0.46404470064689196,0.279895740795534,Nov-Jan
NWSROW_P56_1,NWSROW,2,1.7985362375030733,1.2209968342486968,0.005151309008014451,2020-12-30,6.824445857478289,6.542340733039168,-6734.785101161506,2.8302588333672354,1.0406540874746888,1.073663238464172,3.515391018561692,1.9999999999989257,0.0,7.66049007395268e+106,3.8205660774475153e-10,Nov-Jan
NWSROW_P57_0,NWSROW,0,143.40348770928713,97.89448362047449,34.29434959145309,2021-05-09,60.10506180581778,59.61250109128768,-2210.7386059156843,5.480557607861374,0.855972672193337,1.2515886478635054,10.47292414383645,1.0013010555399207,6.197766533129364,7.968037083193201,0.9998018434809459,May-Jul
NWSROW_P57_0,NWSROW,1,12.998791230504045,9.944737528187556,0.7439184636946294,2021-05-09,33.48465883812839,33.62831386366607,-1835.6619594982637,2.712629797357543,0.5000000158584765,6.085198876715726,0.05816729100508632,1.0268043489104308,2.2931554046032474,4.8067206587196685,0.9757796382245117,May-Jul
NWSROW_P57_0,NWSROW,2,24.0480724894746,20.055822539927078,1.5777242908411915,2021-05-09,26.98562214282943,27.009022125451846,-4105.941762043154,2.905732490983201,0.7443846995677937,3.181774036752675,0.10184248911874376,1.0256757544255204,3.8029257152088154,14.681815970171616,0.9827477934852038,May-Jul
NWSROW_P57_1,NWSROW,0,151.80203016418517,128.7098569847626,14.894854339821283,2021-07-28,81.98527482060074,79.77138355964061,-2562.7388640876825,5.239739432758442,0.8834531785209643,2.8056412268283717,12.543837745962596,0.9946704173156906,7.3347778414460265,16.737959675110552,0.9958480695758906,Aug-Oct
NWSROW_P57_1,NWSROW,1,7.68114832291937,5.902436929343184,1.6148777411571513,2021-07-28,34.269356109987825,33.97252179628264,-2844.94132953615,4.8928122849024644,0.8515025932868379,0.9361900734940344,5.786215259025493,0.9976850587505034,4.16189835874183,11.698039486673148,0.9979879473945807,Aug-Oct
NWSROW_P57_1,NWSROW,2,12.176254137848392,7.946021832196781,4.029713238161067,2021-07-28,20.155326004753082,20.173668338557032,-5127.196920017288,1.7497076565526641,0.6733352249807538,3.205886046150945,0.08068568870423222,0.9942916111729578,3.3353880488763195,7.260531994447963,1.0064737286764545,Aug-Oct
NWSROW_P58_0,NWSROW,0,117.42394884790987,78.85559472771087,32.3051868102765,2021-11-16,46.00434597157095,44.30196408632669,-3554.480181751661,5.1916006411945474,1.0537289513549797,1.666311341544392e-06,0.0006636548728246328,1.0030508718102274e-09,5.119526350199164,3.9539827310224873,1.999999999999822,Nov-Jan
NWSROW_P58_0,NWSROW,1,4.624697645650877,0.10468095336145491,0.9908530019845269,2021-11-16,22.294930437544554,21.94471142966765,-4042.9845579532384,4.479484284917527,0.9976573519736224,1.3612100384953556,23.16920778102728,1.999999999995187,2.5600850047425494,3.4834805241501083,2.0,Nov-Jan
NWSROW_P58_0,NWSROW,2,3.080611211859017,1.6106132683275467,1.163002607299751,2021-11-16,6.497472172441281,6.328309620019808,-6479.311741388767,2.84520041830834,0.9982705907634845,0.930034851452233,4.3650305875486675,1.999999999994193,0.0,inf,0.0004399327911827353,Nov-Jan
NWSROW_P58_1,NWSROW,0,129.7885221933075,60.539744604998255,60.735956820785404,2022-02-04,71.33342880658655,72.4833378138565,-3037.8562105836227,4.867847926176054,0.8974774485195527,4.070303516126697,24.14654091527933,0.9979490006716836,6.337770336360421,34.55179034943526,0.9849318146046354,Feb-Apr
NWSROW_P58_1,NWSROW,1,0.9257024481917401,0.179794045371826,0.21974566007248927,2022-02-04,21.638095583150594,21.304550941477416,-3900.913146906418,4.365499934451828,0.9494453144976168,2.4133481538125947,8.421956987907395,0.9948380558238588,1.644286744499476,3.831686297148855,1.0020325554509768,Feb-Apr
NWSROW_P58_1,NWSROW,2,1.5333110652266233,0.6310797170053616,0.48837710852892796,2022-02-04,8.299149460933016,8.176914606064077,-6439.546595905864,2.0043706137214063,0.9150772127773823,1.3998234248130341,4.914712127535932,1.0076548612996865,2.216449669292745,0.09182979408761029,1.0009610809864031,Feb-Apr
NWSROW_P59_0,NWSROW,0,47.16134052066877,22.301524879560656,16.41921664655886,2022-05-08,51.7786196726215,51.272809697885606,-2755.091816055172,5.647433923056443,0.9896447266212619,2.2359913938907705,10.208823443590544,2.0,4.976120412504972,4.1881244343210335,1.9999999999985008,May-Jul
NWSROW_P59_0,NWSROW,1,5.78831539450371,1.3794211048499267,0.9948155438299443,2022-05-08,39.90893025193521,38.65315040580549,-2627.781805194249,5.558595126317497,0.952681255245785,1.2837329396378412,6.822445473516086,0.9983514401832754,4.040474096351702,6.472472002037813,0.9987521312975862,May-Jul
NWSROW_P59_0,NWSROW,2,6.2155652596501785,3.9517689111898564,0.6276745654609026,2022-05-08,20.08603043741367,19.764615737438874,-5119.385554831062,3.6564386815854526,1.0028804682865844,1.0426723644070297,7.826020968708425,0.9996979081941816,3.1162247031000256,14.399741866866423,1.0036416470874148,May-Jul
NWSROW_P59_1,NWSROW,0,167.63847169428175,126.41740169625542,29.51173051291821,2022-07-27,53.73218496499247,53.41598659361491,-1913.4585994034985,5.758914736440493,0.8359146304413836,1.7282737643817563,6.770946676949107,0.994451136874432,5.354444033991692,8.08148247464314,1.2494268726981532,Aug-Oct
NWSROW_P59_1,NWSROW,1,5.866461799370287,3.079633496322874,0.35825865334594115,2022-07-27,23.78513337655273,24.10528511269751,-2422.3378142720403,5.465024563729327,0.917919172164745,1.7618551203938968,3.7992161235783004,1.7851457701435465,1.4947082085169203,1.295496612924222e-09,0.0252384804500817,Aug-Oct
NWSROW_P59_1,NWSROW,2,13.124125494537504,10.375854045439397,1.0717563958239866,2022-07-27,16.29818436882569,16.766050916201237,-4859.638915725954,3.129675124471626,1.0234241668411164,1.900455164282242,1.0034290402291932,0.28818109731507957,2.8833719903098545,59.53881542259371,0.2220121734065621,Aug-Oct
NWSROW_P60_0,NWSROW,0,156.9952859072259,73.9707734285871,56.88048774593348,2022-10-26,61.115003715696275,60.337003411746394,-2784.787262086622,5.478441952928428,0.9680905187373167,1.3943985670204393e-09,2.7173025949583685e+45,0.024718739571765014,6.332359971037269,3.62850896031184,1.9999999999997011,Nov-Jan
NWSROW_P60_0,NWSROW,1,6.999679950452576,1.4507858472675883,0.0620429032183486,2022-10-26,23.71845470403383,22.589880914942672,-3461.934475416359,4.766788203793612,0.9549428437926267,2.17049330483798,2.056067158643863,0.9986786693898787,1.63485166586486,62.85504257005121,0.9981911640124345,Nov-Jan
NWSROW_P60_0,NWSROW,2,1.2938249192753788,0.4501651629822641,0.06809615036931026,2022-10-26,10.144388597021976,9.55887948402737,-5837.0072207441135,3.2492325001149474,1.0161398846426273,0.6500083798043212,1.8550423880913893,1.0006723841299088,1.434087784054367,4.839733214144949,1.0066194185039983,Nov-Jan
NWSROW_P60_1,NWSROW,0,138.89625964931636,82.55227278958687,51.91463975604647,2023-01-14,43.366432298666545,41.331052774389235,-2998.2083073721515,5.317621558816594,0.9713507836082407,1.5173772916784987,15.042650320880663,1.9999999999914828,4.466406841402168,8.78852600918975,2.0,Feb-Apr
NWSROW_P60_1,NWSROW,1,3.1432668634661853,1.0785100700152215,1.0602010088732408,2023-01-14,17.19371585538037,16.046823009688207,-4163.690524151049,4.076597397792795,0.9255051904236583,1.6938342922817902,5.276602685728824,0.9712849356809513,1.4240062595758773,9.43776957090965,1.0294195502177408,Feb-Apr
NWSROW_P60_1,NWSROW,2,0.47487067090206286,0.307699494631375,0.09039734285140719,2023-01-14,8.754578165377843,8.297931020617954,-6375.599047589526,2.8360471069073516,0.9858316836033367,0.829001116602487,5.064435100972081,1.001709268183863,1.4896870861086973,4.423425717068654,1.0011608605773648,Feb-Apr
NWSROW_P61_0,NWSROW,0,168.77117053597442,144.74903125219137,13.805434265031193,2023-05-16,42.40151991798108,42.30301898819507,-3188.900787194147,1.7853786836395806,0.5000000561362111,4.632549161405327,0.06662753131364087,0.7899603974352899,5.144750863221322,5.789295750582265,1.0375880213089632,May-Jul
NWSROW_P61_0,NWSROW,1,8.649078119173344,1.8126749782888727,0.119552913606844,2023-05-16,25.42929127126619,26.101537402414998,-2538.711766220078,4.591532785954845,1.1321048788668442,2.146768654824732e-122,43779.35607767509,1.1865266266980166,4.420843814391006,0.12528858806424512,0.17497813144177835,May-Jul
NWSROW_P61_0,NWSROW,2,11.907690502597175,7.785675955273183,2.0695863589467733,2023-05-16,14.748292802351287,14.188420698782032,-4918.50417463242,3.3781798852130587,0.8756520368491869,9.047308745277724e-101,1.055382786922652e+30,0.8082240913341183,2.567678726147439,5.740374464132653,1.2642376712310994,May-Jul
NWSROW_P61_1,NWSROW,0,73.20566036505255,38.58910109056733,30.002616430909985,2023-08-04,48.416454344349816,48.29997865360994,-2806.072079716303,4.58352938776477,0.7445003598860385,2.787970437266465,11.328788644559571,0.9955760506346235,5.255796110052359,19.437573646649287,0.9957667408796245,Aug-Oct
NWSROW_P61_1,NWSROW,1,12.52571238043175,5.106908758638053,6.278992168033415,2023-08-04,25.59838838764199,25.378404239790004,-3362.490119743945,4.209372384530023,0.7808520312479053,1.5816489028857337,6.0959758350759365,0.9976167440994469,3.4147878406298844,7.039120139609936,0.9980815072165493,Aug-Oct
NWSROW_P61_1,NWSROW,2,0.554365248415791,0.352097195972572,0.024386417382966083,2023-08-04,19.923479532312115,19.899405481069046,-5215.671708159563,3.0586442292197615,0.8410340733987455,1.6375611853558376,5.462502425927819,1.0000184469760647,3.3408639457737297,7.32224536519418,0.9996199444382594,Aug-Oct
PIL200_P62_0,PIL200,0,59.518295810763426,31.18862096833718,28.61496042914021,2012-02-20,57.6036573600711,59.13194914759162,-1580.002408924286,6.820521417676103,0.9602787534322452,2.255769217436773,5.466893719080441,0.9980931219695752,4.7859550126951005,6.782657378076449,1.0016536143731989,Feb-Apr
PIL200_P62_0,PIL200,1,1.3727107785708137,0.3795799260110298,0.3708208846802872,2012-02-20,47.52521975494026,47.53577718284014,-1669.2177249847123,3.8905751738582066,0.7195193775040752,3.9222368525299345,3.5675561021961935,0.9802413620884055,5.7040940043666835,0.07247155107721165,1.1039336550747345,Feb-Apr
PIL200_P62_0,PIL200,2,1.4754366600090452,0.6822672082625946,0.6839444738952185,2012-02-20,17.421448819861855,16.695498891590212,-4005.062980968399,4.373537788758326,0.9641517623768977,9.457896263796034e-94,2.1917715066452173e+45,1.072241544699557,1.9473419538168952,4.003160347287508,1.4670502325300105,Feb-Apr
PIL200_P62_1,PIL200,0,96.1663584290766,78.48978130504447,12.993514966754576,2012-05-10,81.41606216867815,80.16523719593197,-913.1288369005518,7.3536026305887825,0.9096507955175454,3.2656669247739414,12.671159768217946,0.596046901876089,5.786059808274152,4.860173919704326,1.6059512056140175,May-Jul
PIL200_P62_1,PIL200,1,4.977021870780106,4.272149279425525,0.10560887398582078,2012-05-10,59.73627081564876,268.38323845190064,-1034.0591727760568,4.089912751372399,0.5000000000121634,6.487261869778236,0.0660160132276268,0.9928512124501924,15.315052650926452,185955.95701466696,1.0015990633840648,May-Jul
PIL200_P62_1,PIL200,2,1.3331309096798898,0.9326643213654522,0.24378865754098863,2012-05-10,28.360081548312955,28.262166044043724,-3005.5078761676536,2.4217637729983967,0.5000000027781195,2.9977276404910205,2.295172569998825,1.00031809000881,5.033222436540492,0.07412975871013334,0.9957837788678752,May-Jul
PIL200_P63_0,PIL200,0,34.70972567682674,21.781449399997783,7.837092394564469,2012-08-18,94.70444845251575,92.97422786420853,-767.5596857580935,7.164756165257571,0.8467074009185228,5.4049386790006855,11.19217297317707,1.0017496347354624,5.49186818901881,8.41172733604013,0.9903191829906244,Aug-Oct
PIL200_P63_0,PIL200,1,1.5174493677763896,0.008728640574966855,0.46585813985482094,2012-08-18,43.308642776372,43.557557478503284,-1338.1037474236791,3.4170425260197193,0.500000002324984,6.27095024948942,0.05857383425023727,1.0060256846720583,3.604844122272469,1.6125569168786507,0.989700668317618,Aug-Oct
PIL200_P63_0,PIL200,2,0.631519515111368,0.10851643679122136,0.19208983525965556,2012-08-18,20.61726566434687,20.40467861818987,-3991.3061718046138,1.9669720189540894,0.538667706095894,2.312057961473811,2.044752336893895,1.0911359431346839,4.399645265832394,0.0825725003869194,1.030483930010149,Aug-Oct
PIL200_P63_1,PIL200,0,53.66663426064504,50.0479128290743,0.6481368537911161,2012-11-06,102.81168893545542,102.67448565812681,-1336.0620006123745,7.166446115593881,0.9693190597000368,3.274549613611899,12.498748018162596,0.9949408352926957,7.596274973499801,9.965813396761106,1.0078702595945728,Nov-Jan
PIL200_P63_1,PIL200,1,3.050503666059769,1.5262669675903129,0.8326483033568725,2012-11-06,47.264913010429126,46.62358509688755,-1736.6242159666417,6.678560008215423,0.9720776140626635,2.130120485314434,1.518482077052807,0.9979662811854257,3.522842577320527,2.7435526237313455,1.0012134000505537,Nov-Jan
PIL200_P63_1,PIL200,2,5.002055747052897,2.2549649116448456,0.18789996359741368,2012-11-06,25.666417361193517,33.21250552765286,-3538.1821554118305,5.07547160421806,1.161352661450543,0.0,inf,1.4751018218149396e-83,4.331387340361942,78861471.48874223,0.0731684170115229,Nov-Jan
PIL200_P64_0,PIL200,0,69.59131422491933,48.5102081180969,23.238267441999167,2013-02-05,67.26521310546119,66.77745655892524,-2225.570371494212,5.882546818783055,0.9413756366494467,3.0034063206274255,5.046887745610783,0.9978696966836745,5.896694613034234,9.078773811125695,0.9998488644693619,Feb-Apr
PIL200_P64_0,PIL200,1,2.263468229554792,0.9802712221245365,0.6032880999501736,2013-02-05,58.079861712416076,57.02398644130271,-1883.0280315737916,6.364165393884661,0.957670620738101,3.2991940301016394,2.828026823765089,0.9987420196383721,4.395827918364295,3.937660344565426,0.997121586104425,Feb-Apr
PIL200_P64_0,PIL200,2,5.365041926522756,2.1991685330026884,2.260335949427193,2013-02-05,24.10136906707185,23.27355146453942,-3864.3515898687097,4.619444293024957,1.004170029207103,1.1876591819565503,1.7465096035868053,1.005279565473839,2.7662040418179146,3.263726237843529,1.0061588209884162,Feb-Apr
PIL200_P64_1,PIL200,0,70.71844041758266,40.95076122923405,24.02212617688748,2013-04-26,200.28010628948698,195.92814510383013,491.1271222104265,9.979705072833328,0.9528865180435911,3.055646269376735,12.088204653664878,0.9897610357594523,10.958641865301127,12.242061434580476,0.9978903216176755,May-Jul
PIL200_P64_1,PIL200,1,12.468114587120727,7.194246689346726,0.7592743477849033,2013-04-26,66.66390282927986,67.75704017455661,-714.3637008141504,7.416831921005693,1.1548682269654962,0.0,9.290733746015899e+34,1.9999999999269487,6.400594937680376,0.5694732795317835,0.3015729475531488,May-Jul
PIL200_P64_1,PIL200,2,5.887735973764724,2.080683723161014,2.421526810197488,2013-04-26,36.08532302096224,36.03345751160229,-2151.379582673976,2.566666435645396,0.5958680620716129,5.671380648941865,0.06418849733795226,1.0256721949956706,3.220158299206793,1.2985101058063595,0.9384572423909653,May-Jul
PIL200_P65_0,PIL200,0,45.49355964940069,27.454458683493343,17.68147051367253,2013-08-03,117.84284671242095,117.84657100240436,-1232.8034685696598,6.8220292740690605,0.9018741681498117,4.44146087565703,3.40398922128878,0.9986003363002139,8.212546864758684,20.102836945267686,0.9965233799865127,Aug-Oct
PIL200_P65_0,PIL200,1,6.814532502271814,4.82538504910167,1.2808463359353834,2013-08-03,50.509886300901634,49.39815921763378,-1711.3146400767123,5.98574095428046,0.8464260523301426,2.8861130099413237,3.5435683569254213,0.9981497319014968,4.208138695919428,4.697844446022524,1.0003169541973667,Aug-Oct
PIL200_P65_0,PIL200,2,2.3812057480728583,1.441874671410794,0.6194299570460448,2013-08-03,18.324905946307805,18.624024077579488,-3953.1394867994486,3.9634194709009307,1.1970068916132384,4.80395999852496e-07,4.319269045159028e+71,0.5018491696520011,3.420802880417149,0.3172052352258193,0.2579532988502969,Aug-Oct
PIL200_P65_1,PIL200,0,61.977396085329545,57.42617435845962,0.5353072676162047,2013-10-22,99.07829226773723,100.11194861741473,-1125.938737351341,7.571965427868629,0.9816592711672678,1.771758013737961,4.649303952461668,0.9998180326387826,7.658772598591067,11.210557622062392,0.9968792917378252,Nov-Jan
PIL200_P65_1,PIL200,1,3.398791156549115,1.372984570287832,1.222152006941137,2013-10-22,45.44643046068054,45.66333485018411,-1849.631139932566,5.202053616773026,0.8351152618830077,3.917453182244619,0.12521898666335346,0.9936345089817539,4.084877972297224,3.56892454481763,0.9985101856185433,Nov-Jan
PIL200_P65_1,PIL200,2,1.7078150285782396,0.8335679212037814,0.3652978311101546,2013-10-22,17.083204022849177,16.91190580964274,-4220.604253744612,3.365099598141788,0.8478208540537107,2.6189476524141946,0.1332205005442821,0.9983950125281245,2.0825728276762328,3.9513923211340534,1.0068093990618936,Nov-Jan
PIL200_P66_0,PIL200,0,40.81826138661174,37.89205344778538,1.5238575480145022,2014-02-11,36.339526745567326,36.17203103368781,-2770.883759496835,5.034017425931791,0.8687772611847809,3.027847951861636,10.389444157216785,0.9955010495860946,3.1916657675238587,27.691922527659596,0.9967255880676884,Feb-Apr
PIL200_P66_0,PIL200,1,3.4491978961078917,3.1564058086924165,0.17991859850313635,2014-02-11,33.971261689693534,33.53081359361073,-2030.0159018273068,6.18683439564924,0.9390516937979766,2.1826336662939165,4.051050711860049,1.0009753590594506,1.7434831918837708,7.7719442746880825,0.9959638298646003,Feb-Apr
PIL200_P66_0,PIL200,2,1.1705508613842441,1.0418515942366668,0.02359973878794331,2014-02-11,15.448073351870987,14.558148696488656,-4249.12361887356,4.144240653196231,0.9566661079465414,1.1297757078150978,3.9400700641135233,0.9970822502812694,1.3104058404152992,8.949017399991984,1.00963254241079,Feb-Apr
PIL200_P66_1,PIL200,0,81.86627374269804,77.2088300242168,2.4041536232144924,2014-05-02,77.02614418032154,74.03516177882129,-1749.3289139378412,6.659340916905197,0.9654667408241454,0.0,2.478267358289084e+36,0.0673487054313279,6.645757560987418,6.097892170648884,1.5450692874922134,May-Jul
PIL200_P66_1,PIL200,1,5.5783406535227105,3.278798732785161,0.7649808006699875,2014-05-02,52.12302068640606,56.45365869419091,-982.1248844077018,6.3182005898903455,1.0390770035186674,0.0,4.4638406368767385e-117,1.864731882622529,6.270122971229441,2.40054788398534,0.19085853755151594,May-Jul
PIL200_P66_1,PIL200,2,10.078820022527132,9.556286408722963,0.3665199680125906,2014-05-02,30.29615302698377,28.475918808146247,-3253.280734804657,4.120714338968254,1.1158005898970198,0.0,5.562684657329516e-309,1.5106402615883825,4.613847629193273,0.6038241534278158,0.3863184008411933,May-Jul
